name_of_NN,val_loss,val_accuracy
InceptionResNetV2,0.6494370102882385,0.8999999761581421
InceptionV3,9.349120140075684,0.5
Xception,0.20510855317115784,0.8999999761581421
ResNet50,8.017305374145508,0.5
